name,triangles,faces,vertices,edges
307-L,662797,662797,1988391,1988391
1-L,1253165,1253165,3759495,3759495
1-R,1099597,1099597,3298791,3298791
10-L,855234,855234,2565702,2565702
10-R,768887,768887,2306661,2306661
100-L,930983,930983,2792949,2792949
100-R,829628,829628,2488884,2488884
101-L,1157609,1157609,3472827,3472827
101-R,1178545,1178545,3535635,3535635
102-L,1208788,1208788,3626364,3626364
102-R,1442389,1442389,4327167,4327167
103-L,1231381,1231381,3694143,3694143
103-R,1381522,1381522,4144566,4144566
104-L,895481,895481,2686443,2686443
104-R,974678,974678,2924034,2924034
106-L,1001949,1001949,3005847,3005847
106-R,1082461,1082461,3247383,3247383
107-L,1256756,1256756,3770268,3770268
107-R,953252,953252,2859756,2859756
108-R,1145604,1145604,3436812,3436812
109-L,1061573,1061573,3184719,3184719
109-R,937621,937621,2812863,2812863
11-L,802491,802491,2407473,2407473
11-R,568244,568244,1704732,1704732
110-L,989367,989367,2968101,2968101
110-R,1059666,1059666,3178998,3178998
111-L,1126834,1126834,3380502,3380502
111-R,1152339,1152339,3457017,3457017
112-L,1067538,1067538,3202614,3202614
112-R,731484,731484,2194452,2194452
114-L,1126042,1126042,3378126,3378126
114-R,1191276,1191276,3573828,3573828
115-L,1388415,1388415,4165245,4165245
115-R,1444628,1444628,4333884,4333884
116-L,1044383,1044383,3133149,3133149
116-R,1059850,1059850,3179550,3179550
117-L,1047390,1047390,3142170,3142170
117-R,913018,913018,2739054,2739054
118-R,935845,935845,2807535,2807535
119-L,879510,879510,2638530,2638530
119-R,886969,886969,2660907,2660907
120-L,955345,955345,2866035,2866035
120-R,872150,872150,2616450,2616450
121-L,1198720,1198720,3596160,3596160
121-R,1301665,1301665,3904995,3904995
122-L,896631,896631,2689893,2689893
122-R,874561,874561,2623683,2623683
123-L,1038598,1038598,3115794,3115794
123-R,834602,834602,2503806,2503806
124-L,788619,788619,2365857,2365857
124-R,1030873,1030873,3092619,3092619
125-L,1075673,1075673,3227019,3227019
125-R,1034944,1034944,3104832,3104832
126-L,1194977,1194977,3584931,3584931
126-R,1243198,1243198,3729594,3729594
128-L,1018430,1018430,3055290,3055290
128-R,1161103,1161103,3483309,3483309
129-L,1053683,1053683,3161049,3161049
129-R,904367,904367,2713101,2713101
13-R,1124920,1124920,3374760,3374760
130-L,973606,973606,2920818,2920818
130-R,1024052,1024052,3072156,3072156
131-L,900528,900528,2701584,2701584
131-R,955358,955358,2866074,2866074
133-L,1016253,1016253,3048759,3048759
133-R,988189,988189,2964567,2964567
134-L,970742,970742,2912226,2912226
134-R,1019416,1019416,3058248,3058248
136-L,1109780,1109780,3329340,3329340
136-R,1064908,1064908,3194724,3194724
137-L,892861,892861,2678583,2678583
137-R,898689,898689,2696067,2696067
138-L,894547,894547,2683641,2683641
138-R,960652,960652,2881956,2881956
139-L,859358,859358,2578074,2578074
139-R,867463,867463,2602389,2602389
14-L,926513,926513,479963,2779539
14-R,981339,981339,503067,2944017
140-L,794447,794447,2383341,2383341
140-R,890639,890639,2671917,2671917
141-R,876193,876193,2628579,2628579
142-L,1344804,1344804,4034412,4034412
142-R,1279797,1279797,3839391,3839391
143-L,1115789,1115789,3347367,3347367
143-R,1259932,1259932,3779796,3779796
144-L,1088844,1088844,3266532,3266532
144-R,1122504,1122504,3367512,3367512
145-L,964522,964522,2893566,2893566
145-R,712524,712524,2137572,2137572
146-L,786920,786920,2360760,2360760
146-R,683147,683147,2049441,2049441
147-L,823425,823425,2470275,2470275
147-R,826496,826496,2479488,2479488
148-L,1067640,1067640,3202920,3202920
148-R,998467,998467,2995401,2995401
149-L,920865,920865,2762595,2762595
149-R,898844,898844,2696532,2696532
15-L,847221,847221,433890,2541663
15-R,711406,711406,362480,2134218
108-L,854731,854731,2564193,2564193
118-L,913196,913196,2739588,2739588
13-L,983309,983309,2949927,2949927
141-L,719041,719041,2157123,2157123
150-L,1305359,1305359,3916077,3916077
162-L,852441,852441,2557323,2557323
175-L,878274,878274,2634822,2634822
190-L,926486,926486,2779458,2779458
200-L,948667,948667,2846001,2846001
210-L,909217,909217,2727651,2727651
222-L,974505,974505,2923515,2923515
235-L,966250,966250,2898750,2898750
246-L,923807,923807,2771421,2771421
256-L,832609,832609,2497827,2497827
269-L,842041,842041,2526123,2526123
286-L,967999,967999,2903997,2903997
298-L,872245,872245,2616735,2616735
150-R,1241098,1241098,3723294,3723294
151-L,894087,894087,2682261,2682261
151-R,1068814,1068814,3206442,3206442
152-L,909068,909068,2727204,2727204
152-R,1404634,1404634,4213902,4213902
153-L,866135,866135,2598405,2598405
153-R,1072174,1072174,3216522,3216522
154-L,1159638,1159638,3478914,3478914
154-R,1484104,1484104,4452312,4452312
155-L,1278894,1278894,3836682,3836682
155-R,1120315,1120315,3360945,3360945
158-L,678411,678411,2035233,2035233
158-R,878439,878439,2635317,2635317
159-L,524350,524350,1573050,1573050
159-R,904999,904999,2714997,2714997
16-L,892325,892325,455973,2676975
16-R,905688,905688,464631,2717064
160-L,1023623,1023623,3070869,3070869
160-R,1130115,1130115,3390345,3390345
161-L,1004458,1004458,3013374,3013374
161-R,1202590,1202590,3607770,3607770
162-R,750539,750539,2251617,2251617
164-L,908817,908817,2726451,2726451
164-R,858774,858774,2576322,2576322
165-L,794283,794283,2382849,2382849
165-R,954097,954097,2862291,2862291
166-R,775149,775149,2325447,2325447
167-L,956412,956412,2869236,2869236
167-R,1396046,1396046,4188138,4188138
168-L,746073,746073,2238219,2238219
168-R,817369,817369,2452107,2452107
169-L,1064305,1064305,3192915,3192915
169-R,1005069,1005069,3015207,3015207
17-L,1047080,1047080,3141240,3141240
17-R,1129329,1129329,3387987,3387987
171-L,1082697,1082697,3248091,3248091
171-R,1279616,1279616,3838848,3838848
172-L,972592,972592,2917776,2917776
172-R,994839,994839,2984517,2984517
173-L,640981,640981,1922943,1922943
173-R,881596,881596,2644788,2644788
175-R,1038364,1038364,3115092,3115092
176-L,1240645,1240645,3721935,3721935
176-R,1584798,1584798,4754394,4754394
179-L,1039290,1039290,3117870,3117870
179-R,972305,972305,2916915,2916915
18-L,1318214,1318214,3954642,3954642
18-R,1135912,1135912,3407736,3407736
181-L,1265367,1265367,3796101,3796101
181-R,1172076,1172076,3516228,3516228
182-L,971073,971073,2913219,2913219
182-R,1121566,1121566,3364698,3364698
184-L,1122097,1122097,3366291,3366291
184-R,1224195,1224195,3672585,3672585
185-L,1216958,1216958,3650874,3650874
185-R,1463340,1463340,4390020,4390020
186-L,995716,995716,2987148,2987148
186-R,1163084,1163084,3489252,3489252
188-L,706705,706705,2120115,2120115
188-R,1332636,1332636,3997908,3997908
19-L,946972,946972,2840916,2840916
19-R,1057987,1057987,3173961,3173961
190-R,977953,977953,2933859,2933859
192-L,1037498,1037498,3112494,3112494
192-R,1079188,1079188,3237564,3237564
193-L,1025649,1025649,3076947,3076947
193-R,1021287,1021287,3063861,3063861
194-L,1024008,1024008,3072024,3072024
194-R,1044103,1044103,3132309,3132309
195-L,1164869,1164869,3494607,3494607
195-R,1152352,1152352,3457056,3457056
196-L,1128016,1128016,3384048,3384048
196-R,990334,990334,2971002,2971002
197-L,1067836,1067836,3203508,3203508
197-R,958483,958483,2875449,2875449
198-L,1059829,1059829,3179487,3179487
198-R,1092327,1092327,3276981,3276981
199-L,1168867,1168867,3506601,3506601
199-R,1147449,1147449,3442347,3442347
2-L,848895,848895,2546685,2546685
2-R,907269,907269,2721807,2721807
200-R,902529,902529,2707587,2707587
201-L,983385,983385,2950155,2950155
201-R,1059447,1059447,3178341,3178341
202-L,1089159,1089159,3267477,3267477
202-R,1018482,1018482,3055446,3055446
203-L,707756,707756,2123268,2123268
203-R,860737,860737,2582211,2582211
204-L,915554,915554,2746662,2746662
204-R,823016,823016,2469048,2469048
205-L,1127780,1127780,3383340,3383340
205-R,1307181,1307181,3921543,3921543
206-L,913248,913248,2739744,2739744
206-R,888233,888233,2664699,2664699
207-L,1372610,1372610,4117830,4117830
207-R,1415663,1415663,4246989,4246989
208-L,965784,965784,2897352,2897352
209-L,752438,752438,2257314,2257314
209-R,1233904,1233904,3701712,3701712
21-L,1477522,1477522,4432566,4432566
21-R,575206,575206,1725618,1725618
210-R,743366,743366,2230098,2230098
211-L,1246463,1246463,3739389,3739389
211-R,1272622,1272622,3817866,3817866
212-L,683921,683921,2051763,2051763
212-R,811811,811811,2435433,2435433
213-L,951064,951064,2853192,2853192
213-R,1026328,1026328,3078984,3078984
214-L,912958,912958,2738874,2738874
214-R,910806,910806,2732418,2732418
215-L,1108251,1108251,3324753,3324753
215-R,990477,990477,2971431,2971431
216-L,818596,818596,2455788,2455788
216-R,921929,921929,2765787,2765787
218-L,1024673,1024673,3074019,3074019
218-R,1173490,1173490,3520470,3520470
219-R,565879,565879,1697637,1697637
220-L,912726,912726,2738178,2738178
220-R,1023188,1023188,3069564,3069564
221-L,872915,872915,2618745,2618745
221-R,906512,906512,2719536,2719536
222-R,1193608,1193608,3580824,3580824
223-L,762272,762272,2286816,2286816
223-R,764863,764863,2294589,2294589
224-L,901538,901538,2704614,2704614
224-R,354270,354270,1062810,1062810
225-R,1102021,1102021,3306063,3306063
227-R,594252,594252,1782756,1782756
229-L,999806,999806,2999418,2999418
229-R,934876,934876,2804628,2804628
23-L,957466,957466,490504,2872398
23-R,1024147,1024147,3072441,3072441
230-L,778348,778348,2335044,2335044
230-R,840304,840304,2520912,2520912
231-L,886969,886969,2660907,2660907
231-R,1024845,1024845,3074535,3074535
232-L,862741,862741,2588223,2588223
232-R,940473,940473,2821419,2821419
233-L,750608,750608,2251824,2251824
233-R,743942,743942,2231826,2231826
234-L,904812,904812,2714436,2714436
234-R,966132,966132,2898396,2898396
235-R,907346,907346,2722038,2722038
236-L,783015,783015,2349045,2349045
236-R,955805,955805,2867415,2867415
237-L,1268545,1268545,3805635,3805635
237-R,821198,821198,2463594,2463594
238-L,741407,741407,2224221,2224221
238-R,857502,857502,2572506,2572506
239-L,788777,788777,2366331,2366331
239-R,779951,779951,2339853,2339853
24-L,1099613,1099613,3298839,3298839
24-R,1031110,1031110,3093330,3093330
240-L,777636,777636,2332908,2332908
240-R,924692,924692,2774076,2774076
241-L,911771,911771,2735313,2735313
241-R,902782,902782,2708346,2708346
242-L,1140546,1140546,3421638,3421638
242-R,1178824,1178824,3536472,3536472
244-L,1183060,1183060,3549180,3549180
244-R,1179061,1179061,3537183,3537183
287-L,1388701,1388701,4166103,4166103
287-R,1382623,1382623,4147869,4147869
288-L,1091379,1091379,3274137,3274137
288-R,1064779,1064779,3194337,3194337
289-L,945215,945215,2835645,2835645
289-R,756366,756366,2269098,2269098
291-L,1079306,1079306,3237918,3237918
291-R,1315044,1315044,3945132,3945132
292-L,1024937,1024937,3074811,3074811
292-R,999166,999166,2997498,2997498
293-L,1011220,1011220,3033660,3033660
293-R,1054292,1054292,3162876,3162876
294-L,771497,771497,2314491,2314491
294-R,831093,831093,2493279,2493279
295-L,1536385,1536385,4609155,4609155
295-R,1614903,1614903,4844709,4844709
296-R,725443,725443,2176329,2176329
297-L,953872,953872,2861616,2861616
297-R,1161497,1161497,3484491,3484491
246-R,1067822,1067822,3203466,3203466
247-L,1260017,1260017,3780051,3780051
247-R,1086569,1086569,3259707,3259707
248-L,944352,944352,2833056,2833056
248-R,1066829,1066829,3200487,3200487
249-L,1076094,1076094,3228282,3228282
249-R,1139860,1139860,3419580,3419580
25-L,1200796,1200796,3602388,3602388
25-R,981788,981788,2945364,2945364
250-L,950700,950700,2852100,2852100
250-R,1166040,1166040,3498120,3498120
251-L,930015,930015,2790045,2790045
251-R,1347978,1347978,4043934,4043934
252-L,925364,925364,2776092,2776092
252-R,954900,954900,2864700,2864700
253-L,1049210,1049210,3147630,3147630
253-R,1005119,1005119,3015357,3015357
255-L,1083048,1083048,3249144,3249144
255-R,829580,829580,2488740,2488740
256-R,887617,887617,2662851,2662851
257-L,937971,937971,2813913,2813913
257-R,1044161,1044161,3132483,3132483
258-L,1429029,1429029,4287087,4287087
258-R,1614055,1614055,4842165,4842165
259-L,996412,996412,2989236,2989236
259-R,928151,928151,2784453,2784453
26-L,740793,740793,2222379,2222379
26-R,773220,773220,2319660,2319660
260-L,1501768,1501768,4505304,4505304
260-R,1126999,1126999,3380997,3380997
261-L,1130386,1130386,3391158,3391158
261-R,656719,656719,1970157,1970157
263-L,1333480,1333480,4000440,4000440
263-R,1093855,1093855,3281565,3281565
267-L,983478,983478,2950434,2950434
267-R,1059979,1059979,3179937,3179937
268-L,1578754,1578754,4736262,4736262
268-R,1532782,1532782,4598346,4598346
269-R,948457,948457,2845371,2845371
27-L,1384909,1384909,4154727,4154727
27-R,913112,913112,2739336,2739336
271-L,768821,768821,2306463,2306463
271-R,969043,969043,2907129,2907129
274-L,1274892,1274892,3824676,3824676
274-R,1222242,1222242,3666726,3666726
275-L,826811,826811,2480433,2480433
275-R,955185,955185,2865555,2865555
276-L,966217,966217,2898651,2898651
276-R,859576,859576,2578728,2578728
277-L,807436,807436,2422308,2422308
277-R,1032986,1032986,3098958,3098958
278-L,798268,798268,2394804,2394804
278-R,797038,797038,2391114,2391114
279-L,1256744,1256744,3770232,3770232
279-R,1057150,1057150,3171450,3171450
28-L,1009769,1009769,3029307,3029307
28-R,1311015,1311015,3933045,3933045
281-L,674216,674216,2022648,2022648
282-L,1444965,1444965,4334895,4334895
282-R,1371584,1371584,4114752,4114752
283-L,1171921,1171921,3515763,3515763
283-R,1167254,1167254,3501762,3501762
284-L,989598,989598,2968794,2968794
284-R,999260,999260,2997780,2997780
285-L,1266517,1266517,3799551,3799551
285-R,1248820,1248820,3746460,3746460
370-R,835187,835187,2505561,2505561
371-L,1484154,1484154,4452462,4452462
371-R,1340347,1340347,4021041,4021041
372-L,870806,870806,2612418,2612418
372-R,1001973,1001973,3005919,3005919
373-L,1227117,1227117,3681351,3681351
373-R,1176369,1176369,3529107,3529107
374-L,1096325,1096325,3288975,3288975
374-R,1094496,1094496,3283488,3283488
376-L,1109022,1109022,3327066,3327066
376-R,1098313,1098313,3294939,3294939
377-L,866522,866522,2599566,2599566
377-R,861434,861434,2584302,2584302
379-R,678361,678361,2035083,2035083
38-L,1142187,1142187,3426561,3426561
38-R,523469,523469,1570407,1570407
381-L,1121170,1121170,3363510,3363510
381-R,1113417,1113417,3340251,3340251
382-L,1067369,1067369,3202107,3202107
382-R,1275366,1275366,3826098,3826098
298-R,809778,809778,2429334,2429334
299-L,984095,984095,2952285,2952285
299-R,852048,852048,2556144,2556144
3-L,421035,421035,1263105,1263105
3-R,1229010,1229010,3687030,3687030
30-L,1052538,1052538,3157614,3157614
30-R,1274198,1274198,3822594,3822594
300-L,1281097,1281097,3843291,3843291
300-R,1461383,1461383,4384149,4384149
301-L,1199093,1199093,3597279,3597279
301-R,1308413,1308413,3925239,3925239
302-L,908677,908677,2726031,2726031
302-R,974998,974998,2924994,2924994
303-R,827915,827915,2483745,2483745
304-L,898270,898270,2694810,2694810
304-R,1072729,1072729,3218187,3218187
306-L,969133,969133,2907399,2907399
306-R,971315,971315,2913945,2913945
307-R,714936,714936,2144808,2144808
308-L,1189691,1189691,3569073,3569073
308-R,1115097,1115097,3345291,3345291
309-L,1002108,1002108,3006324,3006324
309-R,1231090,1231090,3693270,3693270
31-L,1047553,1047553,3142659,3142659
31-R,1038368,1038368,3115104,3115104
310-L,1181615,1181615,3544845,3544845
310-R,1176498,1176498,3529494,3529494
311-L,990878,990878,2972634,2972634
311-R,946903,946903,2840709,2840709
312-L,379619,379619,1138857,1138857
312-R,490268,490268,1470804,1470804
313-L,814672,814672,2444016,2444016
313-R,807298,807298,2421894,2421894
314-L,1066766,1066766,3200298,3200298
314-R,923728,923728,2771184,2771184
316-L,927464,927464,2782392,2782392
316-R,965555,965555,2896665,2896665
317-R,1261698,1261698,3785094,3785094
318-L,1419270,1419270,4257810,4257810
318-R,1404027,1404027,4212081,4212081
319-L,862336,862336,2587008,2587008
319-R,1029097,1029097,3087291,3087291
32-L,1005018,1005018,3015054,3015054
32-R,1233033,1233033,3699099,3699099
320-L,945700,945700,2837100,2837100
320-R,1042067,1042067,3126201,3126201
321-L,667004,667004,2001012,2001012
321-R,685084,685084,2055252,2055252
323-L,901852,901852,2705556,2705556
323-R,617316,617316,1851948,1851948
324-L,858461,858461,2575383,2575383
324-R,956087,956087,2868261,2868261
325-L,882229,882229,2646687,2646687
325-R,916710,916710,2750130,2750130
327-L,930307,930307,2790921,2790921
327-R,880225,880225,2640675,2640675
328-R,840491,840491,2521473,2521473
329-L,874699,874699,2624097,2624097
329-R,864231,864231,2592693,2592693
33-L,1083244,1083244,555573,3249732
33-R,900104,900104,2700312,2700312
330-L,849494,849494,2548482,2548482
330-R,793380,793380,2380140,2380140
331-L,614117,614117,1842351,1842351
331-R,693524,693524,2080572,2080572
332-L,849734,849734,2549202,2549202
332-R,909471,909471,2728413,2728413
333-L,884474,884474,2653422,2653422
333-R,958381,958381,2875143,2875143
334-L,1016453,1016453,3049359,3049359
334-R,985859,985859,2957577,2957577
335-L,1439834,1439834,4319502,4319502
335-R,1424208,1424208,4272624,4272624
336-L,862543,862543,2587629,2587629
336-R,883288,883288,2649864,2649864
337-R,793934,793934,2381802,2381802
338-L,1200916,1200916,3602748,3602748
338-R,1129710,1129710,3389130,3389130
339-L,1128083,1128083,3384249,3384249
339-R,1224745,1224745,3674235,3674235
34-L,934023,934023,2802069,2802069
34-R,1071963,1071963,3215889,3215889
340-L,1059000,1059000,3177000,3177000
340-R,1407803,1407803,4223409,4223409
341-L,997392,997392,2992176,2992176
341-R,859208,859208,2577624,2577624
343-L,1201409,1201409,3604227,3604227
343-R,1254858,1254858,3764574,3764574
344-L,1688348,1688348,5065044,5065044
344-R,1492915,1492915,4478745,4478745
345-L,707787,707787,2123361,2123361
345-R,768724,768724,2306172,2306172
346-L,1111432,1111432,3334296,3334296
346-R,1074018,1074018,3222054,3222054
348-R,943747,943747,2831241,2831241
349-L,887157,887157,2661471,2661471
349-R,735926,735926,2207778,2207778
35-L,778095,778095,2334285,2334285
35-R,855804,855804,2567412,2567412
350-L,886162,886162,2658486,2658486
350-R,782476,782476,2347428,2347428
351-L,886636,886636,2659908,2659908
351-R,904752,904752,2714256,2714256
352-L,1059343,1059343,3178029,3178029
352-R,1065499,1065499,3196497,3196497
353-L,1414559,1414559,4243677,4243677
353-R,1352144,1352144,4056432,4056432
354-L,916906,916906,2750718,2750718
354-R,988511,988511,2965533,2965533
355-L,772954,772954,2318862,2318862
355-R,1107374,1107374,3322122,3322122
356-L,876130,876130,2628390,2628390
356-R,865916,865916,2597748,2597748
358-R,738631,738631,2215893,2215893
359-L,606929,606929,1820787,1820787
359-R,329438,329438,988314,988314
36-L,1402924,1402924,4208772,4208772
36-R,1173617,1173617,3520851,3520851
360-L,937955,937955,2813865,2813865
360-R,1037420,1037420,3112260,3112260
361-L,807737,807737,2423211,2423211
361-R,880097,880097,2640291,2640291
362-L,850999,850999,2552997,2552997
362-R,825587,825587,2476761,2476761
363-L,887370,887370,2662110,2662110
363-R,921935,921935,2765805,2765805
364-L,716623,716623,2149869,2149869
364-R,667892,667892,2003676,2003676
365-L,1028780,1028780,3086340,3086340
365-R,1096768,1096768,3290304,3290304
366-L,1057862,1057862,3173586,3173586
366-R,1091365,1091365,3274095,3274095
367-L,897890,897890,2693670,2693670
367-R,964195,964195,2892585,2892585
369-L,992130,992130,2976390,2976390
369-R,1165282,1165282,3495846,3495846
37-L,984577,984577,2953731,2953731
37-R,920890,920890,2762670,2762670
384-L,767573,767573,2302719,2302719
384-R,958567,958567,2875701,2875701
385-L,910437,910437,2731311,2731311
385-R,878193,878193,2634579,2634579
386-L,820865,820865,2462595,2462595
387-L,1214950,1214950,3644850,3644850
387-R,1113636,1113636,3340908,3340908
388-L,928119,928119,2784357,2784357
388-R,905565,905565,2716695,2716695
389-L,1127938,1127938,3383814,3383814
389-R,1023133,1023133,3069399,3069399
39-L,787229,787229,2361687,2361687
39-R,914639,914639,2743917,2743917
390-L,910355,910355,2731065,2731065
390-R,644542,644542,1933626,1933626
391-L,1193292,1193292,3579876,3579876
391-R,765540,765540,2296620,2296620
392-L,1094470,1094470,3283410,3283410
392-R,1046467,1046467,3139401,3139401
394-R,798943,798943,2396829,2396829
395-L,840601,840601,2521803,2521803
395-R,553243,553243,1659729,1659729
396-L,806889,806889,2420667,2420667
396-R,928058,928058,2784174,2784174
397-L,1094941,1094941,3284823,3284823
397-R,908301,908301,2724903,2724903
398-L,1010979,1010979,3032937,3032937
398-R,912149,912149,2736447,2736447
399-L,1020126,1020126,3060378,3060378
399-R,1016547,1016547,3049641,3049641
4-L,960680,960680,2882040,2882040
4-R,1128567,1128567,3385701,3385701
40-L,1444929,1444929,4334787,4334787
40-R,1223280,1223280,3669840,3669840
400-L,813099,813099,2439297,2439297
400-R,769922,769922,2309766,2309766
401-L,1112268,1112268,3336804,3336804
401-R,913875,913875,2741625,2741625
403-L,738597,738597,2215791,2215791
403-R,929625,929625,2788875,2788875
404-L,511367,511367,1534101,1534101
404-R,467205,467205,1401615,1401615
405-L,736950,736950,2210850,2210850
405-R,905204,905204,2715612,2715612
406-L,1159846,1159846,3479538,3479538
406-R,1196051,1196051,3588153,3588153
407-L,681670,681670,2045010,2045010
407-R,572627,572627,1717881,1717881
408-L,709730,709730,2129190,2129190
408-R,637485,637485,1912455,1912455
409-L,898815,898815,2696445,2696445
409-R,896837,896837,2690511,2690511
41-L,761675,761675,2285025,2285025
41-R,839805,839805,2519415,2519415
410-L,961071,961071,2883213,2883213
410-R,1052739,1052739,3158217,3158217
411-R,472613,472613,1417839,1417839
412-L,1027203,1027203,3081609,3081609
412-R,943469,943469,2830407,2830407
415-L,937214,937214,2811642,2811642
415-R,936374,936374,2809122,2809122
416-L,947255,947255,2841765,2841765
416-R,1114237,1114237,3342711,3342711
417-L,1222350,1222350,3667050,3667050
417-R,1112128,1112128,3336384,3336384
418-L,1104904,1104904,3314712,3314712
418-R,1086123,1086123,3258369,3258369
42-L,741078,741078,2223234,2223234
42-R,740640,740640,2221920,2221920
420-L,856668,856668,2570004,2570004
420-R,821877,821877,2465631,2465631
421-L,1024338,1024338,3073014,3073014
421-R,1085330,1085330,3255990,3255990
422-L,949551,949551,2848653,2848653
422-R,1095727,1095727,3287181,3287181
423-R,1497703,1497703,4493109,4493109
424-R,360641,360641,1081923,1081923
426-L,998060,998060,2994180,2994180
426-R,995269,995269,2985807,2985807
427-R,1047241,1047241,3141723,3141723
428-L,1008987,1008987,3026961,3026961
428-R,1241875,1241875,3725625,3725625
429-L,658772,658772,1976316,1976316
429-R,1050391,1050391,3151173,3151173
43-L,875570,875570,2626710,2626710
43-R,758405,758405,2275215,2275215
430-L,696135,696135,2088405,2088405
430-R,1138721,1138721,3416163,3416163
431-L,921315,921315,2763945,2763945
431-R,833305,833305,2499915,2499915
432-L,1082192,1082192,3246576,3246576
432-R,969145,969145,2907435,2907435
434-L,789848,789848,2369544,2369544
434-R,874816,874816,2624448,2624448
435-R,1103251,1103251,3309753,3309753
436-L,1070863,1070863,3212589,3212589
436-R,1002775,1002775,3008325,3008325
437-L,908844,908844,2726532,2726532
437-R,942215,942215,2826645,2826645
438-L,753150,753150,2259450,2259450
438-R,849727,849727,2549181,2549181
439-L,1119132,1119132,3357396,3357396
439-R,1375776,1375776,4127328,4127328
44-L,893666,893666,2680998,2680998
44-R,1020864,1020864,3062592,3062592
440-L,678108,678108,2034324,2034324
440-R,949718,949718,2849154,2849154
441-L,982298,982298,2946894,2946894
441-R,817425,817425,2452275,2452275
442-L,573339,573339,1720017,1720017
442-R,908624,908624,2725872,2725872
443-L,770409,770409,2311227,2311227
444-L,967486,967486,2902458,2902458
445-R,1192454,1192454,3577362,3577362
446-R,736741,736741,2210223,2210223
447-L,903589,903589,2710767,2710767
447-R,1085311,1085311,3255933,3255933
448-L,1067737,1067737,3203211,3203211
448-R,984988,984988,2954964,2954964
449-L,1044099,1044099,3132297,3132297
449-R,1116176,1116176,3348528,3348528
45-L,1280761,1280761,3842283,3842283
45-R,1244046,1244046,3732138,3732138
450-L,962550,962550,2887650,2887650
450-R,844100,844100,2532300,2532300
451-L,859667,859667,2579001,2579001
451-R,917181,917181,2751543,2751543
452-L,1012645,1012645,3037935,3037935
452-R,1066498,1066498,3199494,3199494
454-L,993502,993502,2980506,2980506
454-R,986138,986138,2958414,2958414
456-L,738549,738549,2215647,2215647
456-R,813806,813806,2441418,2441418
457-R,918328,918328,2754984,2754984
458-L,1551938,1551938,4655814,4655814
458-R,1407427,1407427,4222281,4222281
459-L,1020691,1020691,3062073,3062073
459-R,997996,997996,2993988,2993988
46-L,1291245,1291245,3873735,3873735
46-R,1260305,1260305,3780915,3780915
460-L,1128161,1128161,3384483,3384483
460-R,993692,993692,2981076,2981076
461-L,910812,910812,2732436,2732436
461-R,926937,926937,2780811,2780811
462-L,846089,846089,2538267,2538267
462-R,931123,931123,2793369,2793369
463-L,784812,784812,2354436,2354436
463-R,973065,973065,2919195,2919195
464-L,953933,953933,2861799,2861799
464-R,969897,969897,2909691,2909691
465-L,1099142,1099142,3297426,3297426
465-R,1107150,1107150,3321450,3321450
466-R,801937,801937,2405811,2405811
467-L,1072705,1072705,3218115,3218115
467-R,1087931,1087931,3263793,3263793
468-L,875924,875924,2627772,2627772
468-R,932882,932882,2798646,2798646
469-L,777036,777036,2331108,2331108
469-R,980028,980028,2940084,2940084
47-L,767988,767988,2303964,2303964
47-R,970148,970148,2910444,2910444
470-L,925097,925097,2775291,2775291
470-R,1098104,1098104,3294312,3294312
471-L,862088,862088,2586264,2586264
471-R,930535,930535,2791605,2791605
472-L,727108,727108,2181324,2181324
472-R,584580,584580,1753740,1753740
473-L,1041869,1041869,3125607,3125607
473-R,910826,910826,2732478,2732478
474-L,1315060,1315060,3945180,3945180
474-R,1408632,1408632,4225896,4225896
475-R,797198,797198,2391594,2391594
476-L,734340,734340,2203020,2203020
476-R,1068585,1068585,3205755,3205755
477-L,980710,980710,2942130,2942130
477-R,820294,820294,2460882,2460882
478-L,802904,802904,2408712,2408712
478-R,657260,657260,1971780,1971780
479-L,1126035,1126035,3378105,3378105
479-R,998981,998981,2996943,2996943
48-L,856150,856150,2568450,2568450
48-R,804547,804547,2413641,2413641
480-L,946511,946511,2839533,2839533
480-R,941732,941732,2825196,2825196
481-L,899474,899474,2698422,2698422
481-R,940815,940815,2822445,2822445
483-L,1088904,1088904,3266712,3266712
483-R,995761,995761,2987283,2987283
484-L,1005039,1005039,3015117,3015117
484-R,1030737,1030737,3092211,3092211
486-R,847509,847509,2542527,2542527
487-L,976922,976922,2930766,2930766
487-R,1324869,1324869,3974607,3974607
488-L,1033940,1033940,3101820,3101820
488-R,1215740,1215740,3647220,3647220
489-L,1133445,1133445,3400335,3400335
489-R,1329285,1329285,3987855,3987855
49-L,1047362,1047362,3142086,3142086
49-R,1086973,1086973,3260919,3260919
490-L,1078342,1078342,3235026,3235026
490-R,1307877,1307877,3923631,3923631
491-L,896875,896875,2690625,2690625
491-R,1045238,1045238,3135714,3135714
493-L,983513,983513,2950539,2950539
493-R,1022065,1022065,3066195,3066195
494-L,870281,870281,2610843,2610843
494-R,985294,985294,2955882,2955882
495-L,863431,863431,2590293,2590293
495-R,1006845,1006845,3020535,3020535
496-R,859677,859677,2579031,2579031
498-L,782883,782883,2348649,2348649
498-R,819122,819122,2457366,2457366
499-L,845371,845371,2536113,2536113
499-R,754101,754101,2262303,2262303
5-L,1390836,1390836,4172508,4172508
5-R,1406317,1406317,4218951,4218951
50-L,1161131,1161131,3483393,3483393
50-R,1366133,1366133,4098399,4098399
500-L,1032494,1032494,3097482,3097482
500-R,1345440,1345440,4036320,4036320
501-L,1098601,1098601,3295803,3295803
501-R,1043172,1043172,3129516,3129516
502-L,1303839,1303839,3911517,3911517
502-R,1346714,1346714,4040142,4040142
503-L,1045556,1045556,3136668,3136668
503-R,1091253,1091253,3273759,3273759
504-L,1176513,1176513,3529539,3529539
317-L,1041329,1041329,3123987,3123987
328-L,849050,849050,2547150,2547150
337-L,657775,657775,1973325,1973325
348-L,818077,818077,2454231,2454231
358-L,664740,664740,1994220,1994220
370-L,780976,780976,2342928,2342928
383-R,996115,996115,2988345,2988345
394-L,828102,828102,2484306,2484306
402-L,544978,544978,1634934,1634934
411-L,537960,537960,1613880,1613880
423-L,1235653,1235653,3706959,3706959
435-L,1150321,1150321,3450963,3450963
446-L,839742,839742,2519226,2519226
457-L,991001,991001,2973003,2973003
466-L,844983,844983,2534949,2534949
475-L,771637,771637,2314911,2314911
486-L,766167,766167,2298501,2298501
496-L,732984,732984,2198952,2198952
505-L,898285,898285,2694855,2694855
517-L,961773,961773,2885319,2885319
528-L,1153540,1153540,3460620,3460620
538-L,1005149,1005149,3015447,3015447
548-L,1030724,1030724,3092172,3092172
558-L,821724,821724,2465172,2465172
58-L,1091886,1091886,3275658,3275658
67-L,1094221,1094221,3282663,3282663
79-L,1216715,1216715,3650145,3650145
88-L,936244,936244,2808732,2808732
505-R,890861,890861,2672583,2672583
506-L,913522,913522,2740566,2740566
506-R,1028359,1028359,3085077,3085077
507-L,1020532,1020532,3061596,3061596
507-R,834578,834578,2503734,2503734
508-L,1098112,1098112,3294336,3294336
508-R,1305382,1305382,3916146,3916146
509-L,1241011,1241011,3723033,3723033
51-L,760346,760346,2281038,2281038
51-R,908544,908544,2725632,2725632
510-L,1159647,1159647,3478941,3478941
510-R,1276567,1276567,3829701,3829701
511-L,1098487,1098487,3295461,3295461
511-R,973073,973073,2919219,2919219
512-L,1074484,1074484,3223452,3223452
512-R,1090901,1090901,3272703,3272703
513-L,702447,702447,2107341,2107341
513-R,921861,921861,2765583,2765583
516-L,699522,699522,2098566,2098566
516-R,737094,737094,2211282,2211282
517-R,1046051,1046051,3138153,3138153
519-L,890147,890147,2670441,2670441
519-R,1030841,1030841,3092523,3092523
52-L,694026,694026,2082078,2082078
52-R,720473,720473,2161419,2161419
520-L,752964,752964,2258892,2258892
520-R,926301,926301,2778903,2778903
521-L,1149171,1149171,3447513,3447513
521-R,1064941,1064941,3194823,3194823
522-L,1151038,1151038,3453114,3453114
522-R,1288203,1288203,3864609,3864609
524-L,829719,829719,2489157,2489157
524-R,791879,791879,2375637,2375637
525-L,1110085,1110085,3330255,3330255
525-R,967939,967939,2903817,2903817
526-L,882190,882190,2646570,2646570
526-R,873244,873244,2619732,2619732
527-L,1201727,1201727,3605181,3605181
527-R,1338841,1338841,4016523,4016523
528-R,1250817,1250817,3752451,3752451
529-L,1361924,1361924,4085772,4085772
529-R,1349946,1349946,4049838,4049838
53-L,1277475,1277475,3832425,3832425
53-R,1187680,1187680,3563040,3563040
530-L,689865,689865,2069595,2069595
530-R,833774,833774,2501322,2501322
531-L,1032445,1032445,3097335,3097335
531-R,997537,997537,2992611,2992611
532-L,1191122,1191122,3573366,3573366
532-R,1138750,1138750,3416250,3416250
533-L,855502,855502,2566506,2566506
533-R,934192,934192,2802576,2802576
534-L,1085793,1085793,3257379,3257379
534-R,888770,888770,2666310,2666310
535-L,1095060,1095060,3285180,3285180
535-R,1177171,1177171,3531513,3531513
537-L,792139,792139,2376417,2376417
537-R,790685,790685,2372055,2372055
538-R,1364090,1364090,4092270,4092270
539-L,963810,963810,2891430,2891430
539-R,1053646,1053646,3160938,3160938
54-L,780395,780395,2341185,2341185
54-R,1005079,1005079,3015237,3015237
540-L,585580,585580,1756740,1756740
540-R,490419,490419,1471257,1471257
541-L,810068,810068,2430204,2430204
541-R,820757,820757,2462271,2462271
543-L,841942,841942,2525826,2525826
543-R,912391,912391,2737173,2737173
544-L,899708,899708,2699124,2699124
544-R,928321,928321,2784963,2784963
545-R,1235238,1235238,3705714,3705714
546-L,920155,920155,2760465,2760465
546-R,840243,840243,2520729,2520729
547-L,1261412,1261412,3784236,3784236
547-R,1422315,1422315,4266945,4266945
548-R,772795,772795,2318385,2318385
549-L,1005831,1005831,3017493,3017493
549-R,922393,922393,2767179,2767179
55-L,841814,841814,2525442,2525442
55-R,878245,878245,2634735,2634735
550-L,790646,790646,2371938,2371938
550-R,836109,836109,2508327,2508327
551-L,712320,712320,2136960,2136960
551-R,730385,730385,2191155,2191155
552-L,1065867,1065867,3197601,3197601
552-R,1247277,1247277,3741831,3741831
553-L,926560,926560,2779680,2779680
553-R,1128751,1128751,3386253,3386253
554-L,1133592,1133592,3400776,3400776
554-R,1335094,1335094,4005282,4005282
556-L,794975,794975,2384925,2384925
556-R,1155660,1155660,3466980,3466980
557-L,744394,744394,2233182,2233182
557-R,708418,708418,2125254,2125254
558-R,923520,923520,2770560,2770560
559-L,926961,926961,2780883,2780883
559-R,1180211,1180211,3540633,3540633
56-L,756190,756190,2268570,2268570
56-R,763894,763894,2291682,2291682
560-L,1057272,1057272,3171816,3171816
560-R,965709,965709,2897127,2897127
561-L,802612,802612,2407836,2407836
561-R,1100399,1100399,3301197,3301197
563-L,990932,990932,2972796,2972796
563-R,918708,918708,2756124,2756124
564-L,1099625,1099625,3298875,3298875
564-R,1062158,1062158,3186474,3186474
565-L,1018960,1018960,3056880,3056880
565-R,1052116,1052116,3156348,3156348
566-L,1060741,1060741,3182223,3182223
566-R,1174659,1174659,3523977,3523977
567-L,755550,755550,2266650,2266650
57-L,1154342,1154342,3463026,3463026
57-R,1338169,1338169,4014507,4014507
58-R,985076,985076,2955228,2955228
59-L,953132,953132,2859396,2859396
59-R,758473,758473,2275419,2275419
6-L,720948,720948,368822,2162844
6-R,783431,783431,400387,2350293
60-L,962269,962269,2886807,2886807
60-R,918782,918782,2756346,2756346
61-L,920498,920498,2761494,2761494
61-R,790489,790489,2371467,2371467
62-L,1163031,1163031,3489093,3489093
62-R,1123037,1123037,3369111,3369111
63-L,684211,684211,2052633,2052633
63-R,632736,632736,1898208,1898208
64-L,1145957,1145957,3437871,3437871
64-R,922229,922229,2766687,2766687
65-L,748395,748395,2245185,2245185
65-R,867973,867973,2603919,2603919
66-L,1031311,1031311,3093933,3093933
66-R,1089773,1089773,3269319,3269319
67-R,1170401,1170401,3511203,3511203
69-L,719158,719158,2157474,2157474
69-R,888608,888608,2665824,2665824
7-L,1019868,1019868,515403,3059604
7-R,1089584,1089584,559470,3268752
70-L,815617,815617,2446851,2446851
70-R,974052,974052,2922156,2922156
71-L,922802,922802,2768406,2768406
71-R,1078200,1078200,3234600,3234600
72-L,714939,714939,2144817,2144817
72-R,927622,927622,2782866,2782866
73-L,1491741,1491741,4475223,4475223
73-R,1406390,1406390,4219170,4219170
75-L,941228,941228,2823684,2823684
75-R,916015,916015,2748045,2748045
77-L,1049286,1049286,3147858,3147858
77-R,1219650,1219650,3658950,3658950
78-L,1008237,1008237,3024711,3024711
78-R,982192,982192,2946576,2946576
79-R,1250556,1250556,3751668,3751668
8-L,1070748,1070748,546687,3212244
8-R,1350369,1350369,690287,4051107
80-L,1184294,1184294,3552882,3552882
80-R,1230506,1230506,3691518,3691518
81-L,802889,802889,2408667,2408667
81-R,913218,913218,2739654,2739654
82-L,652765,652765,1958295,1958295
82-R,545850,545850,1637550,1637550
83-L,1116462,1116462,3349386,3349386
83-R,1089852,1089852,3269556,3269556
84-L,1178506,1178506,3535518,3535518
84-R,1275506,1275506,3826518,3826518
85-L,1116993,1116993,3350979,3350979
85-R,1278254,1278254,3834762,3834762
86-L,1174132,1174132,3522396,3522396
86-R,1385460,1385460,4156380,4156380
87-L,1052422,1052422,3157266,3157266
87-R,805452,805452,2416356,2416356
88-R,941386,941386,2824158,2824158
89-L,1271521,1271521,3814563,3814563
89-R,1178301,1178301,3534903,3534903
90-L,1301236,1301236,3903708,3903708
90-R,1297277,1297277,3891831,3891831
91-L,984960,984960,2954880,2954880
91-R,831174,831174,2493522,2493522
92-L,1125615,1125615,3376845,3376845
92-R,966996,966996,2900988,2900988
93-L,1226382,1226382,3679146,3679146
93-R,1030450,1030450,3091350,3091350
94-L,1170172,1170172,3510516,3510516
94-R,1256215,1256215,3768645,3768645
95-L,1085364,1085364,3256092,3256092
95-R,1100623,1100623,3301869,3301869
96-L,1171904,1171904,3515712,3515712
96-R,1276874,1276874,3830622,3830622
97-L,1048178,1048178,3144534,3144534
97-R,1109472,1109472,3328416,3328416
98-L,1069176,1069176,3207528,3207528
98-R,1050062,1050062,3150186,3150186
99-L,1083964,1083964,3251892,3251892
99-R,1233656,1233656,3700968,3700968
